city_a,city_b,similarity_low,similarity_mid,similarity_high,iso_a,iso_b
Citi Bike NYC,Divvy Chicago,0.888406434078256,0.8991730970952612,0.6791706282183452,US,US
Citi Bike NYC,Capital DC,0.6585815935858131,0.9222646117271193,0.9127530299685771,US,US
Citi Bike NYC,Bay Wheels SF,0.8148601338191775,0.9314589136031938,0.6145917803319346,US,US
Citi Bike NYC,Bluebikes Boston,0.8962934086834349,0.9191140571892046,0.45161913537019,US,US
Citi Bike NYC,Biketown Portland,0.8304101952402329,0.9103811829518558,0.27740427304221404,US,US
Citi Bike NYC,BIXI Montréal,0.8318869539278828,0.875914026759686,0.7270681449800795,US,CA
Citi Bike NYC,Bike Share Toronto,0.8562169130126824,0.9220059288364449,0.7433556721536779,US,CA
Citi Bike NYC,Vélib Paris,0.8999384315363667,0.8288559074640678,0.7571011362850564,US,FR
Citi Bike NYC,Vélo'v Lyon,0.8155908812715565,0.9264445280447691,0.8002127430714878,US,FR
Citi Bike NYC,VéLÔ Toulouse,0.9119067745350619,0.9429395753698204,0.6166126164365257,US,FR
Citi Bike NYC,Le VélO Bordeaux,0.8861967745521216,0.8196279890775142,0.6364171670133045,US,FR
Citi Bike NYC,Le Vélo Marseille,0.895908479468504,0.8324473498392394,0.8403288039429755,US,FR
Citi Bike NYC,Santander London,0.9206632615653316,0.9038461202760905,0.3797459078129357,US,GB
Citi Bike NYC,Beryl Bournemouth,0.7400984873839347,0.8019257231960591,0.9190805656025312,US,GB
Citi Bike NYC,Beryl Manchester,0.8439022227030064,0.8817092894989256,0.6193177229672608,US,GB
Citi Bike NYC,Nextbike Berlin,0.7922074392203277,0.9049368634212611,0.8898559118852518,US,DE
Citi Bike NYC,Swabi Augsburg,0.8117453251690777,0.9146718656427275,0.8219181279198374,US,DE
Citi Bike NYC,Nextbike Praha,0.6718246756895379,0.9180627362073596,0.8245164927905325,US,CZ
Citi Bike NYC,BiciMAD Madrid,0.9019173681963336,0.9207044806952376,0.5541119825074918,US,ES
Citi Bike NYC,Bicing Barcelona,0.871366274998155,0.9109447002091072,0.48350076662753944,US,ES
Citi Bike NYC,Valenbisi València,0.8831998381821106,0.8657615272690522,0.8162437535140079,US,ES
Citi Bike NYC,BikeMi Milan,0.8723112448322251,0.8989002486473303,0.5148807189671563,US,IT
Citi Bike NYC,Villo Bruxelles,0.8242472911936627,0.9066419217037127,0.3541212722098092,US,BE
Citi Bike NYC,Velo Antwerpen,0.7661211142599343,0.9223977455462052,0.31491790814977516,US,BE
Citi Bike NYC,Metrorower,0.7579072159114318,0.8980302943062929,0.8576048774531495,US,PL
Citi Bike NYC,Mevo Gdańsk,0.6132599547269932,0.9207554592259024,0.8702297984433569,US,PL
Citi Bike NYC,Velospot CH,0.5480010439677458,0.9384113990832548,0.7933012255954753,US,CH
Citi Bike NYC,Ecobici Ciudad de Mexico,0.8579582511002523,0.880970141948697,0.2718766939140678,US,MX
Citi Bike NYC,Ecobici Buenos Aires,0.8557724953680832,0.8524053924275419,0.3936025053506355,US,AR
Citi Bike NYC,Bike Itaú Rio,0.7026002844906613,0.931126830037369,0.8831296249209324,US,BR
Divvy Chicago,Capital DC,0.730544472500724,0.9127565678731966,0.7117630734214817,US,US
Divvy Chicago,Bay Wheels SF,0.893465424389111,0.9348940265733966,0.8883716576804066,US,US
Divvy Chicago,Bluebikes Boston,0.9196177128415778,0.9217937215542393,0.6648552836820243,US,US
Divvy Chicago,Biketown Portland,0.8514833904102249,0.9585667664446088,0.40843514976211304,US,US
Divvy Chicago,BIXI Montréal,0.9142872134742821,0.8274356941658926,0.88756765716208,US,CA
Divvy Chicago,Bike Share Toronto,0.9444279988215402,0.9064136873717237,0.9010041662246239,US,CA
Divvy Chicago,Vélib Paris,0.8184813654102152,0.7576195364753779,0.8754795925024059,US,FR
Divvy Chicago,Vélo'v Lyon,0.904369406676352,0.8612674753901673,0.8264385098735497,US,FR
Divvy Chicago,VéLÔ Toulouse,0.8396585253571819,0.913448339434176,0.8772253928937268,US,FR
Divvy Chicago,Le VélO Bordeaux,0.8329583525100294,0.7852943636274141,0.9277492231616995,US,FR
Divvy Chicago,Le Vélo Marseille,0.8715479296974027,0.8126087341852839,0.7886064541400797,US,FR
Divvy Chicago,Santander London,0.8431928814368879,0.8918347739264376,0.5591184273767016,US,GB
Divvy Chicago,Beryl Bournemouth,0.8160460415279072,0.8840573671855727,0.701918139257249,US,GB
Divvy Chicago,Beryl Manchester,0.8479556033390699,0.9491031913601655,0.9098448257943602,US,GB
Divvy Chicago,Nextbike Berlin,0.8829060633233299,0.9739174672475973,0.7433816202554867,US,DE
Divvy Chicago,Swabi Augsburg,0.8750738662628894,0.9552107509445336,0.8228577907735264,US,DE
Divvy Chicago,Nextbike Praha,0.7415289688251268,0.9493312541628242,0.7569090469225174,US,CZ
Divvy Chicago,BiciMAD Madrid,0.8835157740907458,0.9062828768494646,0.8132023769476974,US,ES
Divvy Chicago,Bicing Barcelona,0.7878547736200399,0.875535097819494,0.7117217667003352,US,ES
Divvy Chicago,Valenbisi València,0.8068219013545957,0.7889669948673147,0.796285723556367,US,ES
Divvy Chicago,BikeMi Milan,0.8336860405024834,0.8384667989708869,0.7580127799193981,US,IT
Divvy Chicago,Villo Bruxelles,0.7499960506400576,0.8344089789731894,0.5213804191717467,US,BE
Divvy Chicago,Velo Antwerpen,0.7306300743091396,0.895088054210813,0.4636773629403793,US,BE
Divvy Chicago,Metrorower,0.8375504942941511,0.9477910580276214,0.7260849315557079,US,PL
Divvy Chicago,Mevo Gdańsk,0.6771041800214156,0.9455609057561571,0.7408049265670655,US,PL
Divvy Chicago,Velospot CH,0.6046316341155121,0.9396647378212628,0.7601644221796698,US,CH
Divvy Chicago,Ecobici Ciudad de Mexico,0.7783213561960225,0.8324464253096117,0.40030513828427133,US,MX
Divvy Chicago,Ecobici Buenos Aires,0.7747202164075722,0.7805771111239839,0.579530128265423,US,AR
Divvy Chicago,Bike Itaú Rio,0.773698362110241,0.9345097243045966,0.7120736538262918,US,BR
Capital DC,Bay Wheels SF,0.7713511978802028,0.9510022650631983,0.6470784317155361,US,US
Capital DC,Bluebikes Boston,0.7032697889270743,0.9442137573715172,0.4779522406680478,US,US
Capital DC,Biketown Portland,0.6700016061598827,0.9237772385802849,0.2941865315083723,US,US
Capital DC,BIXI Montréal,0.7760721659051197,0.9029991501589119,0.7706447677413121,US,CA
Capital DC,Bike Share Toronto,0.7555532829722668,0.9634893025051554,0.7798364744036065,US,CA
Capital DC,Vélib Paris,0.6070159006454665,0.8294925106991198,0.7954226762545638,US,FR
Capital DC,Vélo'v Lyon,0.76026086394175,0.9353744212966403,0.8479299234240139,US,FR
Capital DC,VéLÔ Toulouse,0.6203628803130008,0.9511640654497826,0.6506322669587933,US,FR
Capital DC,Le VélO Bordeaux,0.6270114589908968,0.8499792373595249,0.6749513308610362,US,FR
Capital DC,Le Vélo Marseille,0.6464567857372768,0.8770307732211582,0.889424156987828,US,FR
Capital DC,Santander London,0.6245925220948744,0.9515824077238427,0.4019001594429337,US,GB
Capital DC,Beryl Bournemouth,0.839913172895351,0.8104172745469139,0.9739849694571457,US,GB
Capital DC,Beryl Manchester,0.6390010615525593,0.8917042342795553,0.6542107704821,US,GB
Capital DC,Nextbike Berlin,0.803044582394397,0.9155619639680759,0.9505313850124083,US,DE
Capital DC,Swabi Augsburg,0.7936675347286856,0.9318398354567857,0.8606814471423787,US,DE
Capital DC,Nextbike Praha,0.8716791071068581,0.9455485019646364,0.8731805298137562,US,CZ
Capital DC,BiciMAD Madrid,0.6618340842170222,0.9466611673361155,0.5820992811897361,US,ES
Capital DC,Bicing Barcelona,0.5813756338745859,0.9425642883112757,0.5090515787179373,US,ES
Capital DC,Valenbisi València,0.5966137458442269,0.85709792145842,0.8556763887872956,US,ES
Capital DC,BikeMi Milan,0.6185438469252097,0.9166803065737045,0.54602348937435,US,IT
Capital DC,Villo Bruxelles,0.5542846843909963,0.9046796634838984,0.3755397730303771,US,BE
Capital DC,Velo Antwerpen,0.5428589837191151,0.9316475777465423,0.333963539937669,US,BE
Capital DC,Metrorower,0.848673479792317,0.9313123162453508,0.9158260616763733,US,PL
Capital DC,Mevo Gdańsk,0.8773856892310099,0.9237894543290168,0.9222568409893591,US,PL
Capital DC,Velospot CH,0.8183920646300942,0.9341001092423821,0.8412951386633477,US,CH
Capital DC,Ecobici Ciudad de Mexico,0.5740196953286768,0.906950826064049,0.28830753616336635,US,MX
Capital DC,Ecobici Buenos Aires,0.571384372686885,0.8543239064576633,0.4167732396239147,US,AR
Capital DC,Bike Itaú Rio,0.840055646873069,0.9457851314715762,0.9610523839345817,US,BR
Bay Wheels SF,Bluebikes Boston,0.8839594693190942,0.9562972382470059,0.7324342314429132,US,US
Bay Wheels SF,Biketown Portland,0.7996449800742752,0.9460387813262193,0.45135766694459734,US,US
Bay Wheels SF,BIXI Montréal,0.9131580612072778,0.8790557238158595,0.7993599688065262,US,CA
Bay Wheels SF,Bike Share Toronto,0.9169897705090356,0.9576186390523947,0.8211277289645347,US,CA
Bay Wheels SF,Vélib Paris,0.7500055858481859,0.8058718530664113,0.7992662245033624,US,FR
Bay Wheels SF,Vélo'v Lyon,0.8966694457970322,0.91341245212213,0.7467578028622353,US,FR
Bay Wheels SF,VéLÔ Toulouse,0.762596718623596,0.9541588961840842,0.9596297049795197,US,FR
Bay Wheels SF,Le VélO Bordeaux,0.7702991448907812,0.835142595833238,0.8786409491012516,US,FR
Bay Wheels SF,Le Vélo Marseille,0.7917682564263794,0.86343636667858,0.7100087124974153,US,FR
Bay Wheels SF,Santander London,0.7701220952343867,0.9330594982020061,0.6172015727666442,US,GB
Bay Wheels SF,Beryl Bournemouth,0.8534297509453656,0.8331003045750124,0.6377514636238139,US,GB
Bay Wheels SF,Beryl Manchester,0.7850358025329065,0.9183505414593321,0.9572899799791269,US,GB
Bay Wheels SF,Nextbike Berlin,0.8963612996055486,0.9422391243438237,0.6709218316942799,US,DE
Bay Wheels SF,Swabi Augsburg,0.8882557843876414,0.9570362185115635,0.7470227276615412,US,DE
Bay Wheels SF,Nextbike Praha,0.8055784359533641,0.9642752290129845,0.6782466195547825,US,CZ
Bay Wheels SF,BiciMAD Madrid,0.8105129942768075,0.9432649693635985,0.8981964327899353,US,ES
Bay Wheels SF,Bicing Barcelona,0.7178541917512177,0.920989031278279,0.7834500605424576,US,ES
Bay Wheels SF,Valenbisi València,0.73367207556665,0.8297993177580001,0.7352479791273894,US,ES
Bay Wheels SF,BikeMi Milan,0.7602311589717132,0.8921111491429947,0.8372245610723729,US,IT
Bay Wheels SF,Villo Bruxelles,0.6808051461153402,0.8798126318059728,0.5761363693400507,US,BE
Bay Wheels SF,Velo Antwerpen,0.6676595381973501,0.9367752998508699,0.5123957362287334,US,BE
Bay Wheels SF,Metrorower,0.8752281056546386,0.9434294611990635,0.6515384125917576,US,PL
Bay Wheels SF,Mevo Gdańsk,0.7313890770062506,0.9385328915463821,0.6669412891015774,US,PL
Bay Wheels SF,Velospot CH,0.6594238445721761,0.9457215861362168,0.6810786432920566,US,CH
Bay Wheels SF,Ecobici Ciudad de Mexico,0.706808792709476,0.8840889736271778,0.44232425850146256,US,MX
Bay Wheels SF,Ecobici Buenos Aires,0.7048345585520517,0.8308723853795408,0.6394523664523875,US,AR
Bay Wheels SF,Bike Itaú Rio,0.7982060842768975,0.9580866616022897,0.6417879253682498,US,BR
Bluebikes Boston,Biketown Portland,0.8668396480208654,0.9380769682009671,0.6141928137511854,US,US
Bluebikes Boston,BIXI Montréal,0.8814336510489421,0.8762898663935746,0.6185609116171484,US,CA
Bluebikes Boston,Bike Share Toronto,0.9065924681656681,0.958438459409989,0.6073447957094417,US,CA
Bluebikes Boston,Vélib Paris,0.8425749591356365,0.8069226695162245,0.5963550601923808,US,FR
Bluebikes Boston,Vélo'v Lyon,0.8668595745646764,0.916704013613018,0.5606690051446912,US,FR
Bluebikes Boston,VéLÔ Toulouse,0.8556777346322599,0.952386681980762,0.7274384777232773,US,FR
Bluebikes Boston,Le VélO Bordeaux,0.8117376720795779,0.832897411726312,0.6820808007736429,US,FR
Bluebikes Boston,Le Vélo Marseille,0.8674782821083707,0.8608097655209895,0.5322578342190449,US,FR
Bluebikes Boston,Santander London,0.8659453427415438,0.9326826990576192,0.8393555233367609,US,GB
Bluebikes Boston,Beryl Bournemouth,0.7850418347014922,0.832201462639114,0.4690260750718667,US,GB
Bluebikes Boston,Beryl Manchester,0.8579494535421477,0.9159731797655452,0.7229703298529558,US,GB
Bluebikes Boston,Nextbike Berlin,0.8407043188781208,0.9249836596196619,0.49920582828967197,US,DE
Bluebikes Boston,Swabi Augsburg,0.8708118555163766,0.9477844440538353,0.5493054888100655,US,DE
Bluebikes Boston,Nextbike Praha,0.7203217919778314,0.9460408960063033,0.5344846941220355,US,CZ
Bluebikes Boston,BiciMAD Madrid,0.8900193058166281,0.9539100813152852,0.8100695287395759,US,ES
Bluebikes Boston,Bicing Barcelona,0.8042342065500915,0.9153424850374793,0.9306317784029104,US,ES
Bluebikes Boston,Valenbisi València,0.8227884821280437,0.8275311940582761,0.5397068186428143,US,ES
Bluebikes Boston,BikeMi Milan,0.8494373503269647,0.8897679911285564,0.8651913869189964,US,IT
Bluebikes Boston,Villo Bruxelles,0.7667904741534267,0.8765113882662976,0.7840293856628163,US,BE
Bluebikes Boston,Velo Antwerpen,0.7493397059906469,0.9405131625536409,0.6972462819999837,US,BE
Bluebikes Boston,Metrorower,0.8042208411237263,0.9223202171730257,0.5087417570486813,US,PL
Bluebikes Boston,Mevo Gdańsk,0.6583800528433904,0.9295539273941691,0.5068832320455532,US,PL
Bluebikes Boston,Velospot CH,0.5895904893413866,0.9406504462386233,0.5373551196689881,US,CH
Bluebikes Boston,Ecobici Ciudad de Mexico,0.7953144492535257,0.8833418652522492,0.6018647058821044,US,MX
Bluebikes Boston,Ecobici Buenos Aires,0.79385478860685,0.8306792243025715,0.8682040150344652,US,AR
Bluebikes Boston,Bike Itaú Rio,0.7526881289232248,0.959081179669977,0.48179085027491003,US,BR
Biketown Portland,BIXI Montréal,0.8257978086990961,0.8390698741782573,0.38148078484279674,US,CA
Biketown Portland,Bike Share Toronto,0.845989414658161,0.919255776657726,0.3730325453542517,US,CA
Biketown Portland,Vélib Paris,0.8517864379017058,0.7680913747372514,0.3663978176588655,US,FR
Biketown Portland,Vélo'v Lyon,0.8363609475903706,0.8739611932835037,0.34665103654600044,US,FR
Biketown Portland,VéLÔ Toulouse,0.856770433354912,0.9253271189128424,0.4498505908812324,US,FR
Biketown Portland,Le VélO Bordeaux,0.7751133194378307,0.7976805951110006,0.4338136668522072,US,FR
Biketown Portland,Le Vélo Marseille,0.8310330580255193,0.824815179414761,0.32959417528289203,US,FR
Biketown Portland,Santander London,0.8595180940285692,0.9057627013543815,0.7290920545209016,US,GB
Biketown Portland,Beryl Bournemouth,0.7399620615884241,0.862595641681866,0.2886069985231702,US,GB
Biketown Portland,Beryl Manchester,0.8537514382617752,0.9402358858309001,0.4478641350600124,US,GB
Biketown Portland,Nextbike Berlin,0.8106535402408451,0.9591256218239858,0.307213693108215,US,DE
Biketown Portland,Swabi Augsburg,0.8278071680496537,0.967451021692841,0.33738997501758794,US,DE
Biketown Portland,Nextbike Praha,0.6750339718548515,0.9483458533082385,0.33614017682996,US,CZ
Biketown Portland,BiciMAD Madrid,0.8570838788067354,0.9201907785546021,0.500445885756484,US,ES
Biketown Portland,Bicing Barcelona,0.8223149393420597,0.88770743801861,0.5736877379881958,US,ES
Biketown Portland,Valenbisi València,0.8255106696311855,0.8019253584987109,0.33342752196380915,US,ES
Biketown Portland,BikeMi Milan,0.8541059881710463,0.8509671400777385,0.5386715426839673,US,IT
Biketown Portland,Villo Bruxelles,0.8166640879665747,0.8483347015681425,0.776209256019984,US,BE
Biketown Portland,Velo Antwerpen,0.7965618989684169,0.9089497254839253,0.8669720294290291,US,BE
Biketown Portland,Metrorower,0.7619795538631849,0.9375139208208985,0.32018048199591065,US,PL
Biketown Portland,Mevo Gdańsk,0.6165643467633295,0.9410599357547376,0.31823108472393147,US,PL
Biketown Portland,Velospot CH,0.5503957005681469,0.9411020259017246,0.34582287296978625,US,CH
Biketown Portland,Ecobici Ciudad de Mexico,0.8170783518149355,0.8444251468036935,0.9488264155648785,US,MX
Biketown Portland,Ecobici Buenos Aires,0.825800405576056,0.7919984948800973,0.6968249989803452,US,AR
Biketown Portland,Bike Itaú Rio,0.7429469470235273,0.9447421182335772,0.29639662561610536,US,BR
BIXI Montréal,Bike Share Toronto,0.9215137271553856,0.9037562173834134,0.9443659711175505,CA,CA
BIXI Montréal,Vélib Paris,0.761496797551088,0.9147453278890838,0.9410995662867996,CA,FR
BIXI Montréal,Vélo'v Lyon,0.9085126452295431,0.9174684290508396,0.9035058118257293,CA,FR
BIXI Montréal,VéLÔ Toulouse,0.7755392679216457,0.903363503008965,0.7951566565849592,CA,FR
BIXI Montréal,Le VélO Bordeaux,0.7758331564045623,0.9301360299194689,0.8662647580386262,CA,FR
BIXI Montréal,Le Vélo Marseille,0.8123049124109649,0.9435242952444656,0.8594737144887346,CA,FR
BIXI Montréal,Santander London,0.7821699968677611,0.9248809903279377,0.5209199745918676,CA,GB
BIXI Montréal,Beryl Bournemouth,0.8491640175372375,0.7350749740316124,0.7553878022235564,CA,GB
BIXI Montréal,Beryl Manchester,0.7948742201734111,0.8098872372390818,0.8242574544239505,CA,GB
BIXI Montréal,Nextbike Berlin,0.9201131707616936,0.8308237506683609,0.8047675530798749,CA,DE
BIXI Montréal,Swabi Augsburg,0.9178854252406186,0.8466333733956309,0.8838760414708741,CA,DE
BIXI Montréal,Nextbike Praha,0.8054339940947131,0.8652914353606314,0.8474631228751822,CA,CZ
BIXI Montréal,BiciMAD Madrid,0.8250053225621834,0.9055564987739511,0.7333556162653624,CA,ES
BIXI Montréal,Bicing Barcelona,0.7275091150974576,0.9432793194617223,0.6534229932149106,CA,ES
BIXI Montréal,Valenbisi València,0.7437565586467302,0.9220235164158161,0.8622074066574489,CA,ES
BIXI Montréal,BikeMi Milan,0.7719772365874137,0.9572211691189495,0.6982663337693588,CA,IT
BIXI Montréal,Villo Bruxelles,0.6901629616919098,0.9352837526587844,0.4869779684845894,CA,BE
BIXI Montréal,Velo Antwerpen,0.6774992343145603,0.9122202938982158,0.4330646653957624,CA,BE
BIXI Montréal,Metrorower,0.8958570001782082,0.854017412417799,0.8119660454105083,CA,PL
BIXI Montréal,Mevo Gdańsk,0.7348918130230477,0.8452867559022279,0.8180833933402484,CA,PL
BIXI Montréal,Velospot CH,0.657067534161662,0.8622394562165904,0.8511361045892767,CA,CH
BIXI Montréal,Ecobici Ciudad de Mexico,0.7167741708030717,0.9664905029825223,0.3738640648063276,CA,MX
BIXI Montréal,Ecobici Buenos Aires,0.7143308602107389,0.9374965790511554,0.5387349708465282,CA,AR
BIXI Montréal,Bike Itaú Rio,0.8142835625910101,0.8662347211023445,0.7759366186895392,CA,BR
Bike Share Toronto,Vélib Paris,0.7973171479641723,0.8321061984075903,0.9565550181482592,CA,FR
Bike Share Toronto,Vélo'v Lyon,0.922373023502887,0.9434699253337732,0.900184338832199,CA,FR
Bike Share Toronto,VéLÔ Toulouse,0.8146318930612317,0.9607613611654898,0.8236361293180273,CA,FR
Bike Share Toronto,Le VélO Bordeaux,0.8006241430345574,0.8613116246549983,0.8511833438225932,CA,FR
Bike Share Toronto,Le Vélo Marseille,0.8417758455472109,0.888222686958213,0.8526825707874981,CA,FR
Bike Share Toronto,Santander London,0.8231770360167618,0.9576963431950958,0.5106368193562926,CA,GB
Bike Share Toronto,Beryl Bournemouth,0.8386819479918514,0.8060285345144086,0.7679649302508907,CA,GB
Bike Share Toronto,Beryl Manchester,0.8407939957035699,0.8898357110156857,0.8320807056230627,CA,GB
Bike Share Toronto,Nextbike Berlin,0.8974888857365133,0.910342968438658,0.8105197951818788,CA,DE
Bike Share Toronto,Swabi Augsburg,0.8937173522222754,0.929663481856749,0.9002585464295718,CA,DE
Bike Share Toronto,Nextbike Praha,0.7603418636658872,0.9474545542271796,0.8073120672942893,CA,CZ
Bike Share Toronto,BiciMAD Madrid,0.8648184864001636,0.9632301694228387,0.7422502306079146,CA,ES
Bike Share Toronto,Bicing Barcelona,0.7657077373504626,0.9429120273832627,0.6500327524672996,CA,ES
Bike Share Toronto,Valenbisi València,0.7824132514665086,0.8520244437276495,0.876193193274078,CA,ES
Bike Share Toronto,BikeMi Milan,0.810266970097396,0.9173433168690911,0.6924649307409961,CA,IT
Bike Share Toronto,Villo Bruxelles,0.7314398095970319,0.9029083571142155,0.4761941979450536,CA,BE
Bike Share Toronto,Velo Antwerpen,0.7134977948759303,0.949234876421608,0.4234721110407832,CA,BE
Bike Share Toronto,Metrorower,0.8572589872447667,0.9230873983225039,0.7807455665492316,CA,PL
Bike Share Toronto,Mevo Gdańsk,0.6943862478514681,0.9195716371696073,0.802645921789208,CA,PL
Bike Share Toronto,Velospot CH,0.6199520908367986,0.9288705568549511,0.8114523733867621,CA,CH
Bike Share Toronto,Ecobici Ciudad de Mexico,0.7579388072255624,0.9128010221754137,0.3655845969897532,CA,MX
Bike Share Toronto,Ecobici Buenos Aires,0.7542267174943689,0.8576596833949239,0.529272956097261,CA,AR
Bike Share Toronto,Bike Itaú Rio,0.8010668377427247,0.9518365483897205,0.7768147574313934,CA,BR
Vélib Paris,Vélo'v Lyon,0.7629217401688908,0.8696309997408657,0.9261383967543402,FR,FR
Vélib Paris,VéLÔ Toulouse,0.931891993926111,0.8274625257502828,0.8008234540897319,FR,FR
Vélib Paris,Le VélO Bordeaux,0.8403597566437369,0.9242546960599568,0.831696545026439,FR,FR
Vélib Paris,Le Vélo Marseille,0.864546250418901,0.9115533138745021,0.8770290415701346,FR,FR
Vélib Paris,Santander London,0.9450370165578065,0.8470096442593954,0.5015735671560638,FR,GB
Vélib Paris,Beryl Bournemouth,0.6799888886344734,0.6728562490776511,0.7826234265031095,FR,GB
Vélib Paris,Beryl Manchester,0.8469767392160721,0.7424117594646171,0.8152867858056374,FR,GB
Vélib Paris,Nextbike Berlin,0.7289392786442026,0.7608604784776971,0.831580001736084,FR,DE
Vélib Paris,Swabi Augsburg,0.7518868119674919,0.775975278180022,0.9171787800335874,FR,DE
Vélib Paris,Nextbike Praha,0.6149361106584229,0.7967808389584996,0.8285313330861527,FR,CZ
Vélib Paris,BiciMAD Madrid,0.8872984754861098,0.8301999002894227,0.7270519803817956,FR,ES
Vélib Paris,Bicing Barcelona,0.9268475936526794,0.8641141389912712,0.6376456262239324,FR,ES
Vélib Paris,Valenbisi València,0.900579920047977,0.9378981830981148,0.899159950254281,FR,ES
Vélib Paris,BikeMi Milan,0.9074295025780328,0.9010927822957461,0.679922755791948,FR,IT
Vélib Paris,Villo Bruxelles,0.8993339383489652,0.8988795461673804,0.4677168627268117,FR,BE
Vélib Paris,Velo Antwerpen,0.8346949208794647,0.8396998166887572,0.4159510628129729,FR,BE
Vélib Paris,Metrorower,0.6930516940326333,0.7836390362513885,0.805725391848877,FR,PL
Vélib Paris,Mevo Gdańsk,0.5611742972514786,0.7743680396991,0.8277248500231654,FR,PL
Vélib Paris,Velospot CH,0.5015052416502905,0.7900578934100368,0.8359000666639823,FR,CH
Vélib Paris,Ecobici Ciudad de Mexico,0.9077482667782002,0.9072802689663113,0.359099008839908,FR,MX
Vélib Paris,Ecobici Buenos Aires,0.9086817752557007,0.9648199050350001,0.5198793076125466,FR,AR
Vélib Paris,Bike Itaú Rio,0.6515348718070042,0.7954908448579017,0.7970955846852115,FR,BR
Vélo'v Lyon,VéLÔ Toulouse,0.7816504869556548,0.9370677761766482,0.7489528387329127,FR,FR
Vélo'v Lyon,Le VélO Bordeaux,0.784281359366322,0.8684399030711736,0.7929006929256226,FR,FR
Vélo'v Lyon,Le Vélo Marseille,0.8123345235293774,0.8846851448635966,0.9221022935101099,FR,FR
Vélo'v Lyon,Santander London,0.7889315882864628,0.9292811182648115,0.4719244507020383,FR,GB
Vélo'v Lyon,Beryl Bournemouth,0.8257836891355496,0.7658170256466298,0.8322273533614779,FR,GB
Vélo'v Lyon,Beryl Manchester,0.8211001249568048,0.8466074356926477,0.7632402452802451,FR,GB
Vélo'v Lyon,Nextbike Berlin,0.9011344128033913,0.8653015336122977,0.883547362855725,FR,DE
Vélo'v Lyon,Swabi Augsburg,0.8818030461203535,0.8844757956610417,0.9424094970139323,FR,DE
Vélo'v Lyon,Nextbike Praha,0.7774196895326053,0.9043542057188807,0.858692573320263,FR,CZ
Vélo'v Lyon,BiciMAD Madrid,0.8408094717117065,0.9333872233804754,0.676384827345074,FR,ES
Vélo'v Lyon,Bicing Barcelona,0.7362293027452771,0.9420952218430979,0.5956632813714342,FR,ES
Vélo'v Lyon,Valenbisi València,0.7594984005738274,0.8835409268862982,0.9275676891955751,FR,ES
Vélo'v Lyon,BikeMi Milan,0.7859322411509981,0.9441513095811822,0.6394235092234605,FR,IT
Vélo'v Lyon,Villo Bruxelles,0.7137859365322604,0.9344512950090439,0.4423150705336768,FR,BE
Vélo'v Lyon,Velo Antwerpen,0.6982356500114575,0.9259949982841097,0.3933738918520893,FR,BE
Vélo'v Lyon,Metrorower,0.8612702437928084,0.8857561099773166,0.8501548933291156,FR,PL
Vélo'v Lyon,Mevo Gdańsk,0.7115864432334441,0.88100092926672,0.8819670283668807,FR,PL
Vélo'v Lyon,Velospot CH,0.6351771905802179,0.8983268530119821,0.8765896670105813,FR,CH
Vélo'v Lyon,Ecobici Ciudad de Mexico,0.7385471989021377,0.9233848108280084,0.339686230304219,FR,MX
Vélo'v Lyon,Ecobici Buenos Aires,0.7340873393554959,0.8912420257282372,0.489037519418308,FR,AR
Vélo'v Lyon,Bike Itaú Rio,0.814879376771395,0.9071318593936734,0.8530388214991788,FR,BR
VéLÔ Toulouse,Le VélO Bordeaux,0.8535969616178316,0.848950331507948,0.8639898242272281,FR,FR
VéLÔ Toulouse,Le Vélo Marseille,0.8871576620513721,0.8696967158325732,0.7092428248669382,FR,FR
VéLÔ Toulouse,Santander London,0.9417449308431434,0.9468994912453113,0.6145038458439804,FR,GB
VéLÔ Toulouse,Beryl Bournemouth,0.6949202522754168,0.8117877858535465,0.6407390684893447,FR,GB
VéLÔ Toulouse,Beryl Manchester,0.8516898429811864,0.8920973318580228,0.9363949031998854,FR,GB
VéLÔ Toulouse,Nextbike Berlin,0.7505057988186719,0.9142743189639041,0.6721062375296042,FR,DE
VéLÔ Toulouse,Swabi Augsburg,0.7654183783516785,0.9324732291635905,0.7499310582013248,FR,DE
VéLÔ Toulouse,Nextbike Praha,0.6253648906331332,0.9379033697211357,0.6756913283113253,FR,CZ
VéLÔ Toulouse,BiciMAD Madrid,0.8991289730998784,0.9602779823368256,0.8923035974315005,FR,ES
VéLÔ Toulouse,Bicing Barcelona,0.910911000024371,0.9480420607034906,0.7792337210200222,FR,ES
VéLÔ Toulouse,Valenbisi València,0.8993424365967996,0.8580363428743238,0.7368114778674172,FR,ES
VéLÔ Toulouse,BikeMi Milan,0.9042462410501364,0.916566840889532,0.8335181526922217,FR,IT
VéLÔ Toulouse,Villo Bruxelles,0.8824081819155756,0.9079920829676287,0.5741450637703149,FR,BE
VéLÔ Toulouse,Velo Antwerpen,0.8179592869616578,0.9563444012806465,0.5107130898367898,FR,BE
VéLÔ Toulouse,Metrorower,0.7078989132606704,0.9172637700199404,0.6503314711321031,FR,PL
VéLÔ Toulouse,Mevo Gdańsk,0.571124724656607,0.9318163219840764,0.667137861216651,FR,PL
VéLÔ Toulouse,Velospot CH,0.509897310684316,0.9491469682738618,0.678669423550776,FR,CH
VéLÔ Toulouse,Ecobici Ciudad de Mexico,0.8930640280742149,0.9086647445518272,0.44082330248625967,FR,MX
VéLÔ Toulouse,Ecobici Buenos Aires,0.8999517670752136,0.8534387615848517,0.638318227301698,FR,AR
VéLÔ Toulouse,Bike Itaú Rio,0.6739259667530852,0.9489227366853195,0.6452174413353025,FR,BR
Le VélO Bordeaux,Le Vélo Marseille,0.8511674062763943,0.9518471551033473,0.7552440821249845,FR,FR
Le VélO Bordeaux,Santander London,0.8451696601151232,0.8749585171401286,0.5761614984727187,FR,GB
Le VélO Bordeaux,Beryl Bournemouth,0.7051583577416122,0.6988260842334798,0.6621254006052818,FR,GB
Le VélO Bordeaux,Beryl Manchester,0.7730546976352544,0.7714977408746876,0.9087130500144721,FR,GB
Le VélO Bordeaux,Nextbike Berlin,0.7506623562875921,0.7892340962939233,0.7048399719893121,FR,DE
Le VélO Bordeaux,Swabi Augsburg,0.757416487545278,0.8062005341787394,0.7740612566672594,FR,DE
Le VélO Bordeaux,Nextbike Praha,0.6576245045843204,0.8263716729308395,0.7551103256581198,FR,CZ
Le VélO Bordeaux,BiciMAD Madrid,0.8246024772535397,0.8599688848486744,0.8101371967488887,FR,ES
Le VélO Bordeaux,Bicing Barcelona,0.8532822305298832,0.885633022209145,0.7185649657090937,FR,ES
Le VélO Bordeaux,Valenbisi València,0.8505456314370808,0.8861135116768186,0.7588728543033956,FR,ES
Le VélO Bordeaux,BikeMi Milan,0.8051406860713941,0.9055429000001418,0.7718093823490444,FR,IT
Le VélO Bordeaux,Villo Bruxelles,0.8078446310683156,0.8860249711734408,0.5425683574175638,FR,BE
Le VélO Bordeaux,Velo Antwerpen,0.7186543623363929,0.8675798365662901,0.48941819603538045,FR,BE
Le VélO Bordeaux,Metrorower,0.7226091394051846,0.8129607026039842,0.7240002932353793,FR,PL
Le VélO Bordeaux,Mevo Gdańsk,0.5979207896651615,0.7997702998093255,0.7306894185695685,FR,PL
Le VélO Bordeaux,Velospot CH,0.5380549630697871,0.8123097294850408,0.7709114961712176,FR,CH
Le VélO Bordeaux,Ecobici Ciudad de Mexico,0.8137924666596883,0.9244006311073301,0.42478305302576347,FR,MX
Le VélO Bordeaux,Ecobici Buenos Aires,0.8256242264566651,0.9259671488104704,0.593948216988697,FR,AR
Le VélO Bordeaux,Bike Itaú Rio,0.6624171419647739,0.8236353011665564,0.680018129124386,FR,BR
Le Vélo Marseille,Santander London,0.8940833819486707,0.9027949294740596,0.4479626896413096,FR,GB
Le Vélo Marseille,Beryl Bournemouth,0.7256265472526772,0.7226565760196546,0.8744926092396763,FR,GB
Le Vélo Marseille,Beryl Manchester,0.851030669857258,0.7976734207032726,0.7285256622265603,FR,GB
Le Vélo Marseille,Nextbike Berlin,0.7875421739171963,0.8165113696763224,0.9280869345256142,FR,DE
Le Vélo Marseille,Swabi Augsburg,0.7914050433596737,0.8335277918984715,0.9129304173539442,FR,DE
Le Vélo Marseille,Nextbike Praha,0.6576269840061251,0.8548067660240876,0.9098548987363153,FR,CZ
Le Vélo Marseille,BiciMAD Madrid,0.8989158012195718,0.8847066149675195,0.6470135313631205,FR,ES
Le Vélo Marseille,Bicing Barcelona,0.8532749354994232,0.9045860486644446,0.5675132108762924,FR,ES
Le Vélo Marseille,Valenbisi València,0.8735805537244403,0.8946563308105224,0.8860115171898834,FR,ES
Le Vélo Marseille,BikeMi Milan,0.87515535666911,0.9163144232833337,0.6093361896412387,FR,IT
Le Vélo Marseille,Villo Bruxelles,0.8258698986453508,0.8936085635247136,0.4201963891932392,FR,BE
Le Vélo Marseille,Velo Antwerpen,0.7804188781457886,0.8874315282722336,0.3737622619547527,FR,BE
Le Vélo Marseille,Metrorower,0.739208035163867,0.8405761463434379,0.906279479024702,FR,PL
Le Vélo Marseille,Mevo Gdańsk,0.5995585624335611,0.8239271192940669,0.9287796162829767,FR,PL
Le Vélo Marseille,Velospot CH,0.5358217896339501,0.8332935281053698,0.9274759618874847,FR,CH
Le Vélo Marseille,Ecobici Ciudad de Mexico,0.8503384289908185,0.9346103353987231,0.3226862873747382,FR,MX
Le Vélo Marseille,Ecobici Buenos Aires,0.8455430337402535,0.9131706263794557,0.46435101216128144,FR,AR
Le Vélo Marseille,Bike Itaú Rio,0.7173568370611457,0.849330004861819,0.8880630663368405,FR,BR
Santander London,Beryl Bournemouth,0.7002550033266293,0.7915007851980694,0.39408026466883755,GB,GB
Santander London,Beryl Manchester,0.8618026003901463,0.8710194541578822,0.6102234726080451,GB,GB
Santander London,Nextbike Berlin,0.7537010394908938,0.8920000230966117,0.41981153599005133,GB,DE
Santander London,Swabi Augsburg,0.7729026266251259,0.9115542820731716,0.461254243954521,GB,DE
Santander London,Nextbike Praha,0.630807811294322,0.9152169745410142,0.45194117686883156,GB,CZ
Santander London,BiciMAD Madrid,0.9111465942780558,0.9634924378343016,0.6844377258253577,GB,ES
Santander London,Bicing Barcelona,0.910584652821704,0.9650331062144721,0.7844088267536878,GB,ES
Santander London,Valenbisi València,0.8961900883122285,0.8819324610060574,0.45425662572740866,GB,ES
Santander London,BikeMi Milan,0.9094034782092506,0.9359922055062289,0.7336334422287295,GB,IT
Santander London,Villo Bruxelles,0.8755236981273439,0.9320059479002236,0.9273436679680997,GB,BE
Santander London,Velo Antwerpen,0.8225671104221607,0.9530308800816029,0.8292788422202305,GB,BE
Santander London,Metrorower,0.7129890736553923,0.9005604919415983,0.4300499706170144,GB,PL
Santander London,Mevo Gdańsk,0.5763241124950734,0.9040019024602655,0.4270137326887607,GB,PL
Santander London,Velospot CH,0.5144391579115081,0.9084946863035628,0.4556056157672135,GB,CH
Santander London,Ecobici Ciudad de Mexico,0.9026269295076464,0.9310355386856161,0.7159255100152201,GB,MX
Santander London,Ecobici Buenos Aires,0.902937712782715,0.8735875308289145,0.929480679939037,GB,AR
Santander London,Bike Itaú Rio,0.6749733357010461,0.9277128766849714,0.4047526958829938,GB,BR
Beryl Bournemouth,Beryl Manchester,0.7141327418069818,0.8935581115789201,0.6443204213200823,GB,GB
Beryl Bournemouth,Nextbike Berlin,0.8696753831759547,0.8813017028308646,0.9360338935852633,GB,DE
Beryl Bournemouth,Swabi Augsburg,0.8555122444997993,0.8590014457218117,0.8510831883315675,GB,DE
Beryl Bournemouth,Nextbike Praha,0.8557618625308376,0.8434371983022068,0.8577284892592999,GB,CZ
Beryl Bournemouth,BiciMAD Madrid,0.7353289977537673,0.8083626639997765,0.5745527601245382,GB,ES
Beryl Bournemouth,Bicing Barcelona,0.651753848454469,0.776363355658998,0.5014084381630638,GB,ES
Beryl Bournemouth,Valenbisi València,0.6669442589961412,0.7008468386573533,0.8507114103249884,GB,ES
Beryl Bournemouth,BikeMi Milan,0.69080639236921,0.745401414340642,0.535671041936398,GB,IT
Beryl Bournemouth,Villo Bruxelles,0.6203646074147992,0.7402174552466595,0.36840332262326175,GB,BE
Beryl Bournemouth,Velo Antwerpen,0.6078453735656214,0.7986591083046691,0.32762844315093176,GB,BE
Beryl Bournemouth,Metrorower,0.8834529528621032,0.8578214731516536,0.9001541862421217,GB,PL
Beryl Bournemouth,Mevo Gdańsk,0.8086388099919958,0.8660215054520118,0.9052473489789431,GB,PL
Beryl Bournemouth,Velospot CH,0.7246592007604488,0.8507775832360234,0.8252501412508559,GB,CH
Beryl Bournemouth,Ecobici Ciudad de Mexico,0.64366465344384,0.739762007470115,0.28277518118081324,GB,MX
Beryl Bournemouth,Ecobici Buenos Aires,0.6423787260503406,0.6938865896707682,0.4094805244811823,GB,AR
Beryl Bournemouth,Bike Itaú Rio,0.8377212371337716,0.8403984835896567,0.9517630415654834,GB,BR
Beryl Manchester,Nextbike Berlin,0.7776503782236789,0.9533190362056202,0.6836986446549517,GB,DE
Beryl Manchester,Swabi Augsburg,0.7836787998629445,0.9459277757690057,0.7532307659442778,GB,DE
Beryl Manchester,Nextbike Praha,0.6419643263471336,0.9265480673523709,0.7011533893162354,GB,CZ
Beryl Manchester,BiciMAD Madrid,0.8766950351678743,0.8914547378614115,0.8842332489329233,GB,ES
Beryl Manchester,Bicing Barcelona,0.8221057760694049,0.8508251833515297,0.7738628434893956,GB,ES
Beryl Manchester,Valenbisi València,0.8410470936830367,0.7702873577643627,0.7439850745849267,GB,ES
Beryl Manchester,BikeMi Milan,0.8710348450630608,0.8222094264625766,0.8298514907159201,GB,IT
Beryl Manchester,Villo Bruxelles,0.8240006997271707,0.8176845426601594,0.5712815738263888,GB,BE
Beryl Manchester,Velo Antwerpen,0.8134976199343457,0.8825271557599148,0.5081927691658755,GB,BE
Beryl Manchester,Metrorower,0.7266890444032811,0.9219532201724243,0.6711697506620373,GB,PL
Beryl Manchester,Mevo Gdańsk,0.5863987597914807,0.9257226455105225,0.6847083316489407,GB,PL
Beryl Manchester,Velospot CH,0.5234320023180723,0.9286398707424428,0.704149404969273,GB,CH
Beryl Manchester,Ecobici Ciudad de Mexico,0.8695908030869505,0.8173528132496097,0.4385917482659545,GB,MX
Beryl Manchester,Ecobici Buenos Aires,0.8426456626782312,0.7664153988883582,0.632999415690944,GB,AR
Beryl Manchester,Bike Itaú Rio,0.7318785200387807,0.9244833631098553,0.6546786210246931,GB,BR
Nextbike Berlin,Swabi Augsburg,0.9283928754242553,0.9591334207709786,0.8759814550499316,DE,DE
Nextbike Berlin,Nextbike Praha,0.8242137573081454,0.9534642230829575,0.9110868800116958,DE,CZ
Nextbike Berlin,BiciMAD Madrid,0.8025824156899632,0.9062957608590753,0.6076254161527362,DE,ES
Nextbike Berlin,Bicing Barcelona,0.7062149482016802,0.8762293681605563,0.5325323146220589,DE,ES
Nextbike Berlin,Valenbisi València,0.7255193619879564,0.7910692006781775,0.8550674019619608,DE,ES
Nextbike Berlin,BikeMi Milan,0.750227077669164,0.8423191018745084,0.5698537308955852,DE,IT
Nextbike Berlin,Villo Bruxelles,0.6742692932620513,0.8380232899967968,0.3921746881054291,DE,BE
Nextbike Berlin,Velo Antwerpen,0.6604329279905731,0.8958594419245529,0.34875448151420074,DE,BE
Nextbike Berlin,Metrorower,0.9208610743623701,0.9522145212453992,0.9318019056206857,DE,PL
Nextbike Berlin,Mevo Gdańsk,0.7529526184206254,0.9489047240297747,0.950680042690828,DE,PL
Nextbike Berlin,Velospot CH,0.6721343247859948,0.9496890062554173,0.8785651526850513,DE,CH
Nextbike Berlin,Ecobici Ciudad de Mexico,0.698788030353983,0.8363429503928423,0.3010796478371874,DE,MX
Nextbike Berlin,Ecobici Buenos Aires,0.6960463826382509,0.7842445596967519,0.4349638937637091,DE,AR
Nextbike Berlin,Bike Itaú Rio,0.859001648963412,0.9362879701123191,0.9440185510296645,DE,BR
Swabi Augsburg,Nextbike Praha,0.8127916177143957,0.9584336644286122,0.8529831291860749,DE,CZ
Swabi Augsburg,BiciMAD Madrid,0.8144131336699643,0.929832727892724,0.6726801521513336,DE,ES
Swabi Augsburg,Bicing Barcelona,0.7202792905139223,0.890314823070928,0.587905802813236,DE,ES
Swabi Augsburg,Valenbisi València,0.733883014474584,0.804998586195546,0.9157210144839888,DE,ES
Swabi Augsburg,BikeMi Milan,0.7621814571206436,0.8596331274170353,0.6263007243645667,DE,IT
Swabi Augsburg,Villo Bruxelles,0.6837169929791203,0.8552344442609897,0.43069225658076143,DE,BE
Swabi Augsburg,Velo Antwerpen,0.6709940594783355,0.9185395477485234,0.3830087694936039,DE,BE
Swabi Augsburg,Metrorower,0.9059830830945391,0.9413948465117089,0.8351065679004265,DE,PL
Swabi Augsburg,Mevo Gdańsk,0.7425857498936965,0.9451236648565186,0.8648669658998472,DE,PL
Swabi Augsburg,Velospot CH,0.6634903300773979,0.9482379209151329,0.862465115843577,DE,CH
Swabi Augsburg,Ecobici Ciudad de Mexico,0.7093555858791774,0.8543312500989342,0.33062049317663594,DE,MX
Swabi Augsburg,Ecobici Buenos Aires,0.7072102404950776,0.8008990252303775,0.4786986572934918,DE,AR
Swabi Augsburg,Bike Itaú Rio,0.8401125612445807,0.9562725776234319,0.8484321157688648,DE,BR
Nextbike Praha,BiciMAD Madrid,0.665146594081375,0.9244749201425893,0.6231144898141806,CZ,ES
Nextbike Praha,Bicing Barcelona,0.5865133324574388,0.902878032271714,0.5600439491465512,CZ,ES
Nextbike Praha,Valenbisi València,0.5995711513301557,0.8135077543629902,0.8116553313458985,CZ,ES
Nextbike Praha,BikeMi Milan,0.6225143188262326,0.8783861525758716,0.5965956135542014,CZ,IT
Nextbike Praha,Villo Bruxelles,0.556367447613355,0.8614999199005527,0.4253628964745329,CZ,BE
Nextbike Praha,Velo Antwerpen,0.5461586777059403,0.9183814606055286,0.38127521949368437,CZ,BE
Nextbike Praha,Metrorower,0.8818724607713189,0.9617648065340194,0.9464614520450262,CZ,PL
Nextbike Praha,Mevo Gdańsk,0.8864556731432335,0.9385854866795363,0.9338939214858992,CZ,PL
Nextbike Praha,Velospot CH,0.8043173355132143,0.9440320155753368,0.9411871595945952,CZ,CH
Nextbike Praha,Ecobici Ciudad de Mexico,0.5778198321921867,0.8726913476251883,0.32914317353846156,CZ,MX
Nextbike Praha,Ecobici Buenos Aires,0.5758862281793551,0.8202942780492699,0.4651899169074341,CZ,AR
Nextbike Praha,Bike Itaú Rio,0.8286213927442669,0.9475475046547022,0.8745077312080018,CZ,BR
BiciMAD Madrid,Bicing Barcelona,0.8556125156153489,0.9505508153670242,0.866512846633508,ES,ES
BiciMAD Madrid,Valenbisi València,0.8722709790134616,0.8596721183702648,0.6604272772250239,ES,ES
BiciMAD Madrid,BikeMi Milan,0.9072373549558025,0.9189215002459219,0.9272990815135271,ES,IT
BiciMAD Madrid,Villo Bruxelles,0.832811590589059,0.9120033568948557,0.6386243308778848,ES,BE
BiciMAD Madrid,Velo Antwerpen,0.8064544582319947,0.9604662939583342,0.5682527138937642,ES,BE
BiciMAD Madrid,Metrorower,0.7529309044548044,0.9023950078293091,0.5962625682261871,ES,PL
BiciMAD Madrid,Mevo Gdańsk,0.6075742635666969,0.9236864425211537,0.6060102076613191,ES,PL
BiciMAD Madrid,Velospot CH,0.5423337072689772,0.9296206074806858,0.6259332744255515,ES,CH
BiciMAD Madrid,Ecobici Ciudad de Mexico,0.8640595724515941,0.9134000598502616,0.49049857272246405,ES,MX
BiciMAD Madrid,Ecobici Buenos Aires,0.8546564240731637,0.8565168257847712,0.7100239457970726,ES,AR
BiciMAD Madrid,Bike Itaú Rio,0.7319417016490477,0.9480804281140903,0.5816217048135396,ES,BR
Bicing Barcelona,Valenbisi València,0.909311983744936,0.8944469124502341,0.5763233043117195,ES,ES
Bicing Barcelona,BikeMi Milan,0.8724976039893714,0.9536586579649079,0.8968112302784599,ES,IT
Bicing Barcelona,Villo Bruxelles,0.9044659272109143,0.9417368258259428,0.7323057243805439,ES,BE
Bicing Barcelona,Velo Antwerpen,0.8029912007416108,0.9445130657305464,0.6512610001714401,ES,BE
Bicing Barcelona,Metrorower,0.6632807244249396,0.8901338189624974,0.5331724549861953,ES,PL
Bicing Barcelona,Mevo Gdańsk,0.5358573564952576,0.8896590005085374,0.5359395935099615,ES,PL
Bicing Barcelona,Velospot CH,0.4783224537365098,0.9057863127090047,0.5618642484296867,ES,CH
Bicing Barcelona,Ecobici Ciudad de Mexico,0.9134778826629425,0.9441930768819689,0.5621974387100813,ES,MX
Bicing Barcelona,Ecobici Buenos Aires,0.9177076693196277,0.890011153426572,0.8139759652141694,ES,AR
Bicing Barcelona,Bike Itaú Rio,0.6343398809924429,0.9080449896432332,0.5127517482392993,ES,BR
Valenbisi València,BikeMi Milan,0.8781753561796761,0.916707792336046,0.6178698054411507,ES,IT
Valenbisi València,Villo Bruxelles,0.8847565078700538,0.9346418028935988,0.42525428076254457,ES,BE
Valenbisi València,Velo Antwerpen,0.7980764504313557,0.8666632316515723,0.37830763788982613,ES,BE
Valenbisi València,Metrorower,0.6787008564147642,0.8045428607297913,0.8069792262438266,ES,PL
Valenbisi València,Mevo Gdańsk,0.5476749822834447,0.8045154549208188,0.8360250337058572,ES,PL
Valenbisi València,Velospot CH,0.4888663350824212,0.8190261984543765,0.8294288237763874,ES,CH
Valenbisi València,Ecobici Ciudad de Mexico,0.890111926295213,0.9271079968573337,0.3265044156748129,ES,MX
Valenbisi València,Ecobici Buenos Aires,0.8958634633956581,0.9438351579171905,0.4711131922498179,ES,AR
Valenbisi València,Bike Itaú Rio,0.6693500238767962,0.8219937702382598,0.835785371644062,ES,BR
BikeMi Milan,Villo Bruxelles,0.8662074351490602,0.9582778132053172,0.6871935707673282,IT,BE
BikeMi Milan,Velo Antwerpen,0.8466451418500379,0.9251676865083875,0.6114791643842009,IT,BE
BikeMi Milan,Metrorower,0.7045333261272548,0.8645823437008086,0.56947176071068,IT,PL
BikeMi Milan,Mevo Gdańsk,0.5685805121580553,0.8572715728944283,0.5762864857236367,IT,PL
BikeMi Milan,Velospot CH,0.5076284156208081,0.8744040533627606,0.5992341285584194,IT,CH
BikeMi Milan,Ecobici Ciudad de Mexico,0.8833098516279377,0.9589475686846812,0.527658673720448,IT,MX
BikeMi Milan,Ecobici Buenos Aires,0.8639630291167192,0.9250990473537144,0.76071885983322,IT,AR
BikeMi Milan,Bike Itaú Rio,0.6863577946313286,0.8788685867016983,0.5486079526593618,IT,BR
Villo Bruxelles,Velo Antwerpen,0.8428053442169631,0.9180386401789896,0.8844420615356116,BE,BE
Villo Bruxelles,Metrorower,0.6297954115047738,0.8489669329551311,0.40466093723658714,BE,PL
Villo Bruxelles,Mevo Gdańsk,0.5082106280918754,0.8521633932268022,0.402052996964089,BE,PL
Villo Bruxelles,Velospot CH,0.4536396133512425,0.8665681296026477,0.42950880297818483,BE,CH
Villo Bruxelles,Ecobici Ciudad de Mexico,0.8956353009941408,0.9465705690514641,0.7674750587868224,BE,MX
Villo Bruxelles,Ecobici Buenos Aires,0.9009606050964961,0.9242484402983591,0.8907121851922234,BE,AR
Villo Bruxelles,Bike Itaú Rio,0.6291470695983169,0.87092638585671,0.3783643416868035,BE,BR
Velo Antwerpen,Metrorower,0.6182393605221086,0.8968341589993556,0.36303331521634774,BE,PL
Velo Antwerpen,Mevo Gdańsk,0.49888552488922033,0.9147861408896731,0.35977525047538944,BE,PL
Velo Antwerpen,Velospot CH,0.4453158279412528,0.9273008253338753,0.38967186450070823,BE,CH
Velo Antwerpen,Ecobici Ciudad de Mexico,0.8468793208881288,0.9239192873105547,0.8612874406792576,BE,MX
Velo Antwerpen,Ecobici Buenos Aires,0.8312647720728924,0.8670782283163787,0.7977000317006866,BE,AR
Velo Antwerpen,Bike Itaú Rio,0.6194643058512075,0.9336913858999216,0.3364736299911208,BE,BR
Metrorower,Mevo Gdańsk,0.8044941971766049,0.9400521103780164,0.9562509520204913,PL,PL
Metrorower,Velospot CH,0.7202967803640372,0.9307978698204245,0.9154943654464254,PL,CH
Metrorower,Ecobici Ciudad de Mexico,0.6540490529996894,0.8599979822538636,0.3137794547135529,PL,MX
Metrorower,Ecobici Buenos Aires,0.6518370156215568,0.8080712207646198,0.4427404935396122,PL,AR
Metrorower,Bike Itaú Rio,0.8757423433077481,0.928319449626382,0.9170205521805977,PL,BR
Mevo Gdańsk,Velospot CH,0.8775238671501138,0.9678849644027562,0.911151782735852,PL,CH
Mevo Gdańsk,Ecobici Ciudad de Mexico,0.52780614400237,0.8509580988222231,0.311251644034019,PL,MX
Mevo Gdańsk,Ecobici Buenos Aires,0.5261482169259514,0.7982758116639548,0.44145556024035615,PL,AR
Mevo Gdańsk,Bike Itaú Rio,0.7822310476663035,0.950848698174453,0.9230706297472903,PL,BR
Velospot CH,Ecobici Ciudad de Mexico,0.47113098753684457,0.8674366374574561,0.3390847259674483,CH,MX
Velospot CH,Ecobici Buenos Aires,0.4696510865738622,0.8138584015237893,0.4680462386606748,CH,AR
Velospot CH,Bike Itaú Rio,0.6982498473644461,0.9557269747862953,0.8475972179686837,CH,BR
Ecobici Ciudad de Mexico,Ecobici Buenos Aires,0.9249108155905631,0.9354587824626253,0.6897028743581466,MX,AR
Ecobici Ciudad de Mexico,Bike Itaú Rio,0.6512549178018244,0.8749091580719348,0.290414174166902,MX,BR
Ecobici Buenos Aires,Bike Itaú Rio,0.6432212215028157,0.8208556337217869,0.4205385216174246,AR,BR
